Pulsar,P0 secs,W50 ms,S1400 mJy,SW50 mJy,RMS mJy,t5sigma,HI peak T K,Tnoise HI+70 K,tau_5sigma HI,Ton hrs,V_trans km/s,DM,PX mas,DIST kpc
B0355+54,0.156384,2.000,23.00,1798.4,,,,,,,59.10,57.142,,1.000
B0833-45,0.089328,1.700,1050.00,55173.4,,,,,,,76.97,67.771,,0.280
B0835-41,0.751625,4.400,35.00,5978.8,,,,,,,121.10,147.187,,1.500
B1706-16,0.653061,8.900,15.00,1100.7,,,,,,,125.34,24.891,,0.562
B1737-30,0.606887,3.000,8.90,1800.4,,,,,,,,151.897,,0.400
B1742-30,0.367438,4.700,21.00,1641.7,,,,,,,46.78,88.373,,0.200
B1749-28,0.562567,6.600,48.00,4091.4,,,,,,,6.07,50.323,,0.200
